epoch,time,train/box_loss,train/cls_loss,train/dfl_loss,metrics/precision(B),metrics/recall(B),metrics/mAP50(B),metrics/mAP50-95(B),val/box_loss,val/cls_loss,val/dfl_loss,lr/pg0,lr/pg1,lr/pg2
1,3.40069,3.41504,4.28598,3.20876,0,0,0,0,4.91806,10.3291,3.71009,0,0,0
2,9.34242,4.00697,5.23139,4.00222,0,0,0,0,4.91205,9.51291,3.67711,1.63399e-05,1.63399e-05,1.63399e-05
3,15.2066,2.95879,3.60747,2.10431,0,0,0,0,4.99178,9.81622,3.67305,3.20197e-05,3.20197e-05,3.20197e-05
4,21.3429,2.79551,4.33751,2.31421,0,0,0,0,5.14753,14.7476,3.55074,4.70394e-05,4.70394e-05,4.70394e-05
5,29.6907,1.93586,6.18331,2.02174,0,0,0,0,5.13396,13.1187,3.48293,6.13989e-05,6.13989e-05,6.13989e-05
6,40.55,1.92452,2.57648,1.58689,0,0,0,0,4.66514,11.277,3.37447,7.50984e-05,7.50984e-05,7.50984e-05
7,49.6525,2.74932,2.54062,1.7017,0,0,0,0,4.74306,10.6036,3.63584,8.81376e-05,8.81376e-05,8.81376e-05
8,57.7415,1.80889,2.63174,1.48459,0,0,0,0,4.72446,9.33144,3.98633,0.000100517,0.000100517,0.000100517
9,66.7638,1.05449,1.38371,1.05299,0,0,0,0,4.60616,9.00816,3.98309,0.000112236,0.000112236,0.000112236
10,74.6763,1.56992,4.07093,1.66375,0,0,0,0,3.07528,9.51008,2.24652,0.000123295,0.000123295,0.000123295
11,82.802,2.16063,4.66867,1.42336,0.00549,1,0.0055,0.00165,2.07698,11.7933,1.51311,0.000133693,0.000133693,0.000133693
12,91.2117,1.52214,3.73884,1.32449,0.00532,1,0.02488,0.00498,2.15255,38.2187,1.36231,0.000143432,0.000143432,0.000143432
13,99.4845,1.01244,4.68751,1.11067,0.01808,1,0.04326,0.00433,2.31804,22.6416,1.46262,0.00015251,0.00015251,0.00015251
14,106.936,2.51712,4.2182,2.30768,0.00606,1,0.02314,0.00694,1.97665,52.094,1.56046,0.000160929,0.000160929,0.000160929
15,114.37,1.5191,5.0225,1.70345,0.0061,1,0.00691,0.00069,3.95163,65.4973,3.06332,0.000168687,0.000168687,0.000168687
16,121.434,1.2759,4.97809,1.51504,0,0,0,0,3.97375,22.7448,3.85454,0.000175785,0.000175785,0.000175785
17,128.482,1.26036,3.14136,1.51776,0,0,0,0,3.9774,18.4749,3.8067,0.000182223,0.000182223,0.000182223
18,135.359,1.03852,3.61046,1.25619,0,0,0,0,3.9774,18.4749,3.8067,0.000188001,0.000188001,0.000188001
19,142.524,0.65862,1.19677,0.92737,0,0,0,0,4.17612,32.7662,4.36965,0.000193119,0.000193119,0.000193119
20,149.903,0.9994,2.38571,1.30069,0,0,0,0,4.17612,32.7662,4.36965,0.000197576,0.000197576,0.000197576
21,157.162,1.21781,1.43332,1.14307,0,0,0,0,4.20328,65.9276,4.03261,0.000201374,0.000201374,0.000201374
22,164.938,0.69378,0.89872,0.91506,0,0,0,0,4.20328,65.9276,4.03261,0.000204511,0.000204511,0.000204511
23,173.725,1.49849,2.82303,1.46802,0,0,0,0,3.2163,294.867,3.00937,0.000206988,0.000206988,0.000206988
24,183.329,1.95497,2.87192,1.76914,0,0,0,0,3.2163,294.867,3.00937,0.000208805,0.000208805,0.000208805
25,194.684,0.80789,1.75431,1.33862,0,0,0,0,3.22488,284.972,2.96625,0.000209962,0.000209962,0.000209962
26,206.12,0.92734,1.49466,0.96233,0,0,0,0,3.22488,284.972,2.96625,0.000210459,0.000210459,0.000210459
27,217.622,0.64696,3.24113,1.37241,0,0,0,0,4.26467,469.69,4.64265,0.000210295,0.000210295,0.000210295
28,230.103,1.31776,1.71618,1.60426,0,0,0,0,4.26467,469.69,4.64265,0.000209472,0.000209472,0.000209472
29,241.468,1.10478,2.0199,1.48095,0,0,0,0,4.38713,1427.19,6.11117,0.000207988,0.000207988,0.000207988
30,253.173,0.69062,4.04081,1.57499,0,0,0,0,4.38713,1427.19,6.11117,0.000205844,0.000205844,0.000205844
31,264.909,0.58411,2.67346,0.92717,0,0,0,0,4.34208,1074.63,4.55432,0.000203041,0.000203041,0.000203041
32,275.965,0.59582,1.03563,1.11831,0,0,0,0,4.34208,1074.63,4.55432,0.000199577,0.000199577,0.000199577
33,290.048,0.49477,2.08974,1.05421,0,0,0,0,4.5602,1199.54,4.71973,0.000195452,0.000195452,0.000195452
34,300.851,1.03211,1.13119,1.14945,0,0,0,0,4.5602,1199.54,4.71973,0.000190668,0.000190668,0.000190668
35,311.915,0.9616,1.97567,1.54467,0,0,0,0,3.29562,710.263,2.23847,0.000185224,0.000185224,0.000185224
36,322.669,2.12072,4.769,2.33623,0,0,0,0,3.29562,710.263,2.23847,0.000179119,0.000179119,0.000179119
37,334.663,0.91931,1.05068,1.14651,0,0,0,0,3.43788,274.649,2.58074,0.000172354,0.000172354,0.000172354
38,345.812,0.83774,1.50984,1.25481,0,0,0,0,3.43788,274.649,2.58074,0.00016493,0.00016493,0.00016493
39,357.636,0.96698,2.75311,1.50229,0,0,0,0,3.94693,149.269,2.92765,0.000156845,0.000156845,0.000156845
40,369.157,1.09064,1.904,1.44681,0,0,0,0,3.94693,149.269,2.92765,0.0001481,0.0001481,0.0001481
41,384.026,0.54769,1.03414,1.06678,0,0,0,0,4.33234,33.4227,3.85871,0.000138694,0.000138694,0.000138694
42,392.697,0.38634,1.27787,0.93517,0,0,0,0,4.33234,33.4227,3.85871,0.000128629,0.000128629,0.000128629
43,404.268,0.43088,1.19203,0.93869,0,0,0,0,3.97916,32.1087,4.24711,0.000117904,0.000117904,0.000117904
44,413.603,0.49601,1.27048,1.18298,0,0,0,0,3.97916,32.1087,4.24711,0.000106518,0.000106518,0.000106518
45,423.285,0.75674,1.32037,1.10377,0,0,0,0,4.05129,24.0012,4.35346,9.44722e-05,9.44722e-05,9.44722e-05
46,437.497,0.75921,1.2607,1.12459,0,0,0,0,4.05129,24.0012,4.35346,8.17663e-05,8.17663e-05,8.17663e-05
47,455.358,0.87513,1.67398,1.2709,0,0,0,0,4.24572,21.8287,4.32043,6.84003e-05,6.84003e-05,6.84003e-05
48,466.45,0.33021,1.34099,0.80528,0,0,0,0,4.24572,21.8287,4.32043,5.43742e-05,5.43742e-05,5.43742e-05
49,478.899,0.82102,1.4391,1.03077,0,0,0,0,3.32328,20.1979,3.41084,3.96879e-05,3.96879e-05,3.96879e-05
50,489.917,0.31629,1.17735,0.67548,0,0,0,0,3.32328,20.1979,3.41084,2.43415e-05,2.43415e-05,2.43415e-05
